Workbook

Sheet info
A1: MoreMustMush 통합 테이블 | D1: 2026-10-30 / v1
A3: 구분 / 시트 | B3: 항목 / 컬럼 | C3: 사용법 및 읽는 법 | D3: 예시 / 자료형
A4: 기본 | B4: 파일 목적 | C4: 방치형 통합 데이터 초안. 적, 보스, 꼬마, 업그레이드, 스테이지, 리소스를 한 파일에서 관리한다. | D4: 2026-10-30 / schema v1
A5: 기본 | B5: 현재 적용 범위 | C5: Unity 임포트, 구조/참조/리소스 검증, bytes 복사까지 연결했다. 현재 전투·강화·편성 수치는 여전히 기존 C# 코드를 사용한다. | D5: 게임 수치 전환은 별도 작업
A6: 기본 | B6: 보스 이름 | C6: name은 향후 화면 표시용 데이터다. 보스 이름 표시 기능은 이번 작업에 포함하지 않는다. | D6: 현재 이름 2종은 임시
A7: 읽기 | B7: 1행 | C7: 컬럼의 영문 키. 임포터가 이 이름으로 읽으므로 임의로 이름을 바꾸지 않는다. | D7: hpCoefficient
A8: 읽기 | B8: 2행 | C8: 자료형. 정수 int/long, 실수 double, 문자열 string, ID 목록 int[], 고정값 IdleStat/Currency를 구분한다. | D8: 금액은 숫자 1000, ID 목록은 문자열 1001,1002
A9: 읽기 | B9: 3행 | C9: 한글 설명이자 Excel 필터 행. 이 행의 필터로 4행 이후 데이터만 정렬/검색한다. | D9: 1~3행은 삭제하지 않는다
A10: 읽기 | B10: 4행 이후 | C10: 한 행이 정의 한 개다. 행 전체가 빈 경우만 건너뛴다. 값이 있는 행에는 index를 반드시 적는다. | D10: ID와 key는 각 시트 안에서 고유
A11: 읽기 | B11: # 컬럼 | C11: 영문 키가 #으로 시작하면 계산 미리보기/메모다. 게임용 컬럼에서 제외한다. | D11: #bossHp / #priceAtLv10
A12: 연결 | B12: 리소스 참조 | C12: 적·보스·꼬마·업그레이드.resourceId를 리소스.index에서 찾아 path와 type을 읽는다. | D12: resourceId → 리소스.index → path
A13: 연결 | B13: 출현 참조 | C13: 스테이지.enemyIds는 적.index 목록, bossId는 보스.index 하나를 참조한다. | D13: 보스 2001 / 적 1001~1010
A14: 공식 | B14: 적 최종 체력 | C14: 적.hpCoefficient × 스테이지.stageCoefficient. 숨은 기본 체력이나 웨이브 체력 배율을 추가로 곱하지 않는다. | D14: 2 × 10.12 = 20.24
... A92: 리소스 | B92: path | C92: Resources 폴더 아래 경로를 확장자 없이 적는다. Assets/나 Resources/를 앞에 붙이지 않는다. | D92: string · Art/Dream/Characters/Critters/Mushrooms/ed0

Sheet 적
A1: index | B1: key | C1: hpCoefficient | D1: resourceId
A2: int | B2: string | C2: double | D2: int
A3: 적 ID | B3: 적 식별자 | C3: 체력 계수 | D3: 사용 리소스 ID
A4: 1001 | B4: mushroom_ed0 | C4: 2 | D4: 7001
A5: 1002 | B5: mushroom_ed1 | C5: 2 | D5: 7002
A6: 1003 | B6: mushroom_ed2 | C6: 2 | D6: 7003
A7: 1004 | B7: mushroom_ed3 | C7: 2 | D7: 7004
A8: 1005 | B8: mushroom_ed4 | C8: 2 | D8: 7005
A9: 1006 | B9: mushroom_ed5 | C9: 2 | D9: 7006
A10: 1007 | B10: mushroom_ed6 | C10: 2 | D10: 7007
A11: 1008 | B11: mushroom_ed7 | C11: 2 | D11: 7008
A12: 1009 | B12: mushroom_ed8 | C12: 2 | D12: 7009
A13: 1010 | B13: mushroom_ed9 | C13: 2 | D13: 7010

Sheet 보스
A1: index | B1: key | C1: name | D1: hpCoefficient | E1: resourceId
A2: int | B2: string | C2: string | D2: double | E2: int
A3: 보스 ID | B3: 보스 식별자 | C3: 보스 이름 | D3: 체력 계수 | E3: 사용 리소스 ID
A4: 2001 | B4: beak_boss | C4: 부리 버섯 | D4: 72 | E4: 7011
A5: 2002 | B5: grandpa_boss | C5: 숲의 할아버지 | D5: 72 | E5: 7012

Sheet 꼬마
A1: index | B1: key | C1: name | D1: grade | E1: attackMultiplier | F1: initialOwned | G1: defaultSlot | H1: resourceId
A2: int | B2: string | C2: string | D2: int | E2: double | F2: int | G2: int | H2: int
A3: 꼬마 ID | B3: 꼬마 식별자 | C3: 꼬마 이름 | D3: 등급 | E3: 공격 배율 | F3: 초기 보유 수 | G3: 기본 편성 칸 | H3: 사용 리소스 ID
A4: 3001 | B4: leaf | C4: 새싹 꼬마 | D4: 0 | E4: 0.8 | F4: 1 | G4: 0 | H4: 7013
A5: 3002 | B5: dew | C5: 이슬 꼬마 | D5: 0 | E5: 0.8 | F5: 1 | G5: 1 | H5: 7014
A6: 3003 | B6: wind | C6: 바람 꼬마 | D6: 1 | E6: 0.9 | F6: 0 | G6: -1 | H6: 7015
A7: 3004 | B7: fire | C7: 불씨 꼬마 | D7: 2 | E7: 1 | F7: 1 | G7: 2 | H7: 7016
A8: 3005 | B8: rock | C8: 조약돌 꼬마 | D8: 1 | E8: 0.9 | F8: 1 | G8: 3 | H8: 7017
A9: 3006 | B9: star | C9: 별똥 꼬마 | D9: 3 | E9: 1.1 | F9: 0 | G9: -1 | H9: 7018
A10: 3007 | B10: coin | C10: 동전 꼬마 | D10: 1 | E10: 0.9 | F10: 1 | G10: 4 | H10: 7019
A11: 3008 | B11: chest | C11: 꿀밤 꼬마 | D11: 2 | E11: 1 | F11: 0 | G11: -1 | H11: 7020
A12: 3009 | B12: beak | C12: 부리 버섯 | D12: 4 | E12: 1.2 | F12: 0 | G12: -1 | H12: 7011

Sheet 업그레이드
A1: index | B1: key | C1: stat | D1: name | E1: baseValue | F1: perLevel | G1: valueMode | H1: price | I1: priceExponent | J1: priceDivisor | K1: maxLevel | L1: currency | M1: unlockStat | N1: unlockLevel | O1: resourceId | P1: #priceAtLv10 | Q1: #valueAtLv10
A2: int | B2: string | C2: IdleStat | D2: string | E2: double | F2: double | G2: string | H2: long | I2: double | J2: double | K2: int | L2: Currency | M2: IdleStat | N2: int | O2: int | P2: long | Q2: double
A3: 강화 ID | B3: 강화 식별자 | C3: 업그레이드 종류 | D3: 표시 이름 | E3: 기본 능력치 | F3: 레벨당 변동폭 | G3: 변동 방식 | H3: 업그레이드 가격 | I3: 가격 지수 | J3: 가격 레벨 단위 | K3: 최대 레벨 | L3: 사용 재화 | M3: 해금 기준 종류 | N3: 해금 기준 레벨 | O3: 사용 아이콘 ID | P3: Lv 10 다음 가격 | Q3: Lv 10 능력치
A4: 4001 | B4: upgrade_Attack | C4: Attack | D4: 공격력 | E4: 10 | F4: 2 | G4: Add | H4: 10 | I4: 2.5 | J4: 10 | K4: 100000 | L4: Gold | M4: Attack | N4: 0 | O4: 7021 | P4: =ROUNDUP(H4*(1+10/J4)^I4,0) -> 57 | Q4: =IF(G4="Multiply",E4*(1+F4*10),E4+F4*10) -> 30
A5: 4002 | B5: upgrade_Hp | C5: Hp | D5: 체력 | E5: 100 | F5: 20 | G5: Add | H5: 10 | I5: 2.5 | J5: 10 | K5: 100000 | L5: Gold | M5: Attack | N5: 0 | O5: 7022 | P5: =ROUNDUP(H5*(1+10/J5)^I5,0) -> 57 | Q5: =IF(G5="Multiply",E5*(1+F5*10),E5+F5*10) -> 300
A6: 4003 | B6: upgrade_HpRegen | C6: HpRegen | D6: 체력 재생 | E6: 2 | F6: 0.4 | G6: Add | H6: 15 | I6: 2.5 | J6: 10 | K6: 100000 | L6: Gold | M6: Hp | N6: 20 | O6: 7023 | P6: =ROUNDUP(H6*(1+10/J6)^I6,0) -> 85 | Q6: =IF(G6="Multiply",E6*(1+F6*10),E6+F6*10) -> 6
A7: 4004 | B7: upgrade_Speed | C7: Speed | D7: 공격 속도 | E7: 0.8 | F7: 0.01 | G7: Multiply | H7: 300 | I7: 3.5 | J7: 10 | K7: 150 | L7: Gold | M7: Attack | N7: 30 | O7: 7024 | P7: =ROUNDUP(H7*(1+10/J7)^I7,0) -> 3395 | Q7: =IF(G7="Multiply",E7*(1+F7*10),E7+F7*10) -> 0.88
A8: 4005 | B8: upgrade_CritChance | C8: CritChance | D8: 치명타 확률 | E8: 0 | F8: 0.0001 | G8: Add | H8: 30 | I8: 2.5 | J8: 10 | K8: 10000 | L8: Gold | M8: Speed | N8: 10 | O8: 7025 | P8: =ROUNDUP(H8*(1+10/J8)^I8,0) -> 170 | Q8: =IF(G8="Multiply",E8*(1+F8*10),E8+F8*10) -> 0.001
A9: 4006 | B9: upgrade_CritDamage | C9: CritDamage | D9: 치명타 피해 | E9: 1.5 | F9: 0.001 | G9: Add | H9: 30 | I9: 2.5 | J9: 10 | K9: 10000 | L9: Gold | M9: CritChance | N9: 100 | O9: 7026 | P9: =ROUNDUP(H9*(1+10/J9)^I9,0) -> 170 | Q9: =IF(G9="Multiply",E9*(1+F9*10),E9+F9*10) -> 1.51
A10: 4007 | B10: upgrade_GoldBonus | C10: GoldBonus | D10: 골드 획득량 | E10: 1 | F10: 0.01 | G10: Add | H10: 50 | I10: 2.7 | J10: 10 | K10: 2000 | L10: Gold | M10: Attack | N10: 50 | O10: 7027 | P10: =ROUNDUP(H10*(1+10/J10)^I10,0) -> 325 | Q10: =IF(G10="Multiply",E10*(1+F10*10),E10+F10*10) -> 1.1

Sheet 스테이지
A1: index | B1: key | C1: stage | D1: stageCoefficient | E1: enemyIds | F1: bossId | G1: wavesPerStage | H1: bossTime | I1: enemyCountBase | J1: enemyCountPerWave | K1: enemyCountPerStage | L1: enemyCountMax | M1: enemyGold | N1: bossGold | O1: bossMycelite | P1: enemyAttack | Q1: bossAttack | R1: #enemyHpExample | S1: #bossHp
A2: int | B2: string | C2: int | D2: double | E2: int[] | F2: int | G2: int | H2: double | I2: int | J2: int | K2: int | L2: int | M2: long | N2: long | O2: long | P2: double | Q2: double | R2: double | S2: double
A3: 스테이지 ID | B3: 스테이지 식별자 | C3: 스테이지 번호 | D3: 스테이지 계수 | E3: 등장 적 ID 목록 | F3: 등장 보스 ID | G3: 일반 웨이브 수 | H3: 보스 제한 시간(초) | I3: 시작 적 수 | J3: 웨이브당 적 증가 | K3: 스테이지당 적 증가 | L3: 최대 적 수 | M3: 적 처치 골드 | N3: 보스 처치 골드 | O3: 보스 균사석 | P3: 일반 적 공격/초 | Q3: 보스 공격/초 | R3: 적 1001 체력 예시 | S3: 보스 체력 예시
A4: 5001 | B4: stage_0001 | C4: 1 | D4: 10.12 | E4: 1001,1002,1003,1004,1005,1006,1007,1008,1009,1010 | F4: 2001 | G4: 5 | H4: 30 | I4: 5 | J4: 2 | K4: 1 | L4: 15 | M4: 26 | N4: 520 | O4: 5 | P4: 1.007 | Q4: 4.5315 | R4: =D4*VLOOKUP(1001,적!$A$4:$D$13,3,FALSE) -> 20.24 | S4: =D4*VLOOKUP(F4,보스!$A$4:$E$5,4,FALSE) -> 728.64
A5: 5002 | B5: stage_0002 | C5: 2 | D5: 30.729308 | E5: 1001,1002,1003,1004,1005,1006,1007,1008,1009,1010 | F5: 2002 | G5: 5 | H5: 30 | I5: 5 | J5: 2 | K5: 1 | L5: 15 | M5: 69 | N5: 1380 | O5: 5 | P5: 2.79864 | Q5: 12.0666 | R5: =D5*VLOOKUP(1001,적!$A$4:$D$13,3,FALSE) -> 61.458616 | S5: =D5*VLOOKUP(F5,보스!$A$4:$E$5,4,FALSE) -> 2212.5102
A6: 5003 | B6: stage_0003 | C6: 3 | D6: 51.831702 | E6: 1001,1002,1003,1004,1005,1006,1007,1008,1009,1010 | F6: 2001 | G6: 5 | H6: 30 | I6: 5 | J6: 2 | K6: 1 | L6: 15 | M6: 117 | N6: 2340 | O6: 5 | P6: 4.61492 | Q6: 19.7053 | R6: =D6*VLOOKUP(1001,적!$A$4:$D$13,3,FALSE) -> 103.6634 | S6: =D6*VLOOKUP(F6,보스!$A$4:$E$5,4,FALSE) -> 3731.8825
A7: 5004 | B7: stage_0004 | C7: 4 | D7: 73.428005 | E7: 1001,1002,1003,1004,1005,1006,1007,1008,1009,1010 | F7: 2002 | G7: 5 | H7: 30 | I7: 5 | J7: 2 | K7: 1 | L7: 15 | M7: 205 | N7: 4100 | O7: 5 | P7: 6.45584 | Q7: 27.4476 | R7: =D7*VLOOKUP(1001,적!$A$4:$D$13,3,FALSE) -> 146.85601 | S7: =D7*VLOOKUP(F7,보스!$A$4:$E$5,4,FALSE) -> 5286.8163
A8: 5005 | B8: stage_0005 | C8: 5 | D8: 95.519059 | E8: 1001,1002,1003,1004,1005,1006,1007,1008,1009,1010 | F8: 2001 | G8: 5 | H8: 30 | I8: 5 | J8: 2 | K8: 1 | L8: 15 | M8: 284 | N8: 5680 | O8: 5 | P8: 8.3214 | Q8: 35.2935 | R8: =D8*VLOOKUP(1001,적!$A$4:$D$13,3,FALSE) -> 191.03812 | S8: =D8*VLOOKUP(F8,보스!$A$4:$E$5,4,FALSE) -> 6877.3723
A9: 5006 | B9: stage_0006 | C9: 6 | D9: 118.10572 | E9: 1001,1002,1003,1004,1005,1006,1007,1008,1009,1010 | F9: 2002 | G9: 5 | H9: 30 | I9: 5 | J9: 2 | K9: 1 | L9: 15 | M9: 419 | N9: 8380 | O9: 5 | P9: 10.2116 | Q9: 43.243 | R9: =D9*VLOOKUP(1001,적!$A$4:$D$13,3,FALSE) -> 236.21145 | S9: =D9*VLOOKUP(F9,보스!$A$4:$E$5,4,FALSE) -> 8503.6121
A10: 5007 | B10: stage_0007 | C10: 7 | D10: 141.18888 | E10: 1001,1002,1003,1004,1005,1006,1007,1008,1009,1010 | F10: 2001 | G10: 5 | H10: 30 | I10: 5 | J10: 2 | K10: 1 | L10: 15 | M10: 524 | N10: 10480 | O10: 5 | P10: 12.12644 | Q10: 51.2961 | R10: =D10*VLOOKUP(1001,적!$A$4:$D$13,3,FALSE) -> 282.37775 | S10: =D10*VLOOKUP(F10,보스!$A$4:$E$5,4,FALSE) -> 10165.599
A11: 5008 | B11: stage_0008 | C11: 8 | D11: 164.76941 | E11: 1001,1002,1003,1004,1005,1006,1007,1008,1009,1010 | F11: 2002 | G11: 5 | H11: 30 | I11: 5 | J11: 2 | K11: 1 | L11: 15 | M11: 708 | N11: 14160 | O11: 5 | P11: 14.06592 | Q11: 59.4528 | R11: =D11*VLOOKUP(1001,적!$A$4:$D$13,3,FALSE) -> 329.53881 | S11: =D11*VLOOKUP(F11,보스!$A$4:$E$5,4,FALSE) -> 11863.397
A12: 5009 | B12: stage_0009 | C12: 9 | D12: 188.84823 | E12: 1001,1002,1003,1004,1005,1006,1007,1008,1009,1010 | F12: 2001 | G12: 5 | H12: 30 | I12: 5 | J12: 2 | K12: 1 | L12: 15 | M12: 838 | N12: 16760 | O12: 5 | P12: 16.03004 | Q12: 67.7131 | R12: =D12*VLOOKUP(1001,적!$A$4:$D$13,3,FALSE) -> 377.69646 | S12: =D12*VLOOKUP(F12,보스!$A$4:$E$5,4,FALSE) -> 13597.072
A13: 5010 | B13: stage_0010 | C13: 10 | D13: 213.42627 | E13: 1001,1002,1003,1004,1005,1006,1007,1008,1009,1010 | F13: 2002 | G13: 5 | H13: 30 | I13: 5 | J13: 2 | K13: 1 | L13: 15 | M13: 1077 | N13: 21540 | O13: 6 | P13: 18.0188 | Q13: 76.077 | R13: =D13*VLOOKUP(1001,적!$A$4:$D$13,3,FALSE) -> 426.85254 | S13: =D13*VLOOKUP(F13,보스!$A$4:$E$5,4,FALSE) -> 15366.691
A14: 5011 | B14: stage_0011 | C14: 11 | D14: 238.50448 | E14: 1001,1002,1003,1004,1005,1006,1007,1008,1009,1010 | F14: 2001 | G14: 5 | H14: 30 | I14: 5 | J14: 2 | K14: 1 | L14: 15 | M14: 1230 | N14: 24600 | O14: 6 | P14: 20.0322 | Q14: 84.5445 | R14: =D14*VLOOKUP(1001,적!$A$4:$D$13,3,FALSE) -> 477.00895 | S14: =D14*VLOOKUP(F14,보스!$A$4:$E$5,4,FALSE) -> 17172.322
A15: 5012 | B15: stage_0012 | C15: 12 | D15: 264.08381 | E15: 1001,1002,1003,1004,1005,1006,1007,1008,1009,1010 | F15: 2002 | G15: 5 | H15: 30 | I15: 5 | J15: 2 | K15: 1 | L15: 15 | M15: 1534 | N15: 30680 | O15: 6 | P15: 22.07024 | Q15: 93.1156 | R15: =D15*VLOOKUP(1001,적!$A$4:$D$13,3,FALSE) -> 528.16762 | S15: =D15*VLOOKUP(F15,보스!$A$4:$E$5,4,FALSE) -> 19014.034
... A1003: 6000 | B1003: stage_1000 | C1003: 1000 | D1003: 1115804.6 | E1003: 1001,1002,1003,1004,1005,1006,1007,1008,1009,1010 | F1003: 2002 | G1003: 5 | H1003: 30 | I1003: 5 | J1003: 2 | K1003: 1 | L1003: 15 | M1003: 403078 | N1003: 8061560 | O1003: 105 | P1003: 14073.92 | Q1003: 59176.8 | R1003: =D1003*VLOOKUP(1001,적!$A$4:$D$13,3,FALSE) -> 2231609.2 | S1003: =D1003*VLOOKUP(F1003,보스!$A$4:$E$5,4,FALSE) -> 80337931

Sheet 리소스
A1: index | B1: key | C1: type | D1: path
A2: int | B2: string | C2: string | D2: string
A3: 리소스 ID | B3: 리소스 식별자 | C3: 리소스 종류 | D3: Resources 상대 경로
A4: 7001 | B4: enemy_ed0 | C4: Sprite | D4: Art/Dream/Characters/Critters/Mushrooms/ed0
A5: 7002 | B5: enemy_ed1 | C5: Sprite | D5: Art/Dream/Characters/Critters/Mushrooms/ed1
A6: 7003 | B6: enemy_ed2 | C6: Sprite | D6: Art/Dream/Characters/Critters/Mushrooms/ed2
A7: 7004 | B7: enemy_ed3 | C7: Sprite | D7: Art/Dream/Characters/Critters/Mushrooms/ed3
A8: 7005 | B8: enemy_ed4 | C8: Sprite | D8: Art/Dream/Characters/Critters/Mushrooms/ed4
A9: 7006 | B9: enemy_ed5 | C9: Sprite | D9: Art/Dream/Characters/Critters/Mushrooms/ed5
A10: 7007 | B10: enemy_ed6 | C10: Sprite | D10: Art/Dream/Characters/Critters/Mushrooms/ed6
A11: 7008 | B11: enemy_ed7 | C11: Sprite | D11: Art/Dream/Characters/Critters/Mushrooms/ed7
A12: 7009 | B12: enemy_ed8 | C12: Sprite | D12: Art/Dream/Characters/Critters/Mushrooms/ed8
A13: 7010 | B13: enemy_ed9 | C13: Sprite | D13: Art/Dream/Characters/Critters/Mushrooms/ed9
A14: 7011 | B14: boss_beak | C14: Sprite | D14: Art/Dream/Characters/Critters/Bosses/boss1
A15: 7012 | B15: boss_grandpa | C15: Sprite | D15: Art/Dream/Characters/Grandpa/grandpa_ref
... A30: 7027 | B30: stat_GoldBonus | C30: Sprite | D30: Art/Dream/Icons/gold
